imu_ax, imu_ay, kf_ax, kf_ay, kf_vx, kf_w, kf_x, kf_y, stamp, 
-0.001469433307647705, 0.0006183385848999023, -0.00024482057953383805, 2.639801885774991e-13, -1.0196608893537613e-05, -2.5889017744399702e-08, 1.0196608893537612e-07, 0.0, 1731706692.5469537, 
-0.013675093650817871, -0.019257009029388428, -0.003067582053596102, 1.3061051636109131e-11, -0.00022435911619910298, -5.821493620307527e-08, -1.9064827983097925e-06, 6.999016501243739e-15, 1731706692.6062071, 
-0.008176326751708984, 0.0025766491889953613, -0.004263297811501648, 1.2431924829053447e-10, -0.0005091051161715503, -2.4419170882706925e-07, -9.603882613875123e-06, 3.8850137062288654e-13, 1731706692.6361637, 
-0.006177365779876709, 0.008029341697692871, -0.0047202787802968025, 9.924948581423896e-10, -0.0007424058993947449, -1.336862838713341e-06, -2.2826841939053457e-05, 7.88770115123904e-12, 1731706692.6661196, 
0.0011593103408813477, -0.009936988353729248, -0.0031664145876907643, -6.237026898873886e-10, -0.000732524912998665, 8.51442290657663e-07, -3.5225002804168765e-05, -1.0040526406151473e-11, 1731706692.6962173, 
-0.016797900199890137, 0.0026416778564453125, -0.0067203324017622605, 1.1336351129927956e-10, -0.001151519882515062, -9.844685534363471e-08, -5.153609560438113e-05, 2.354302358136721e-12, 1731706692.7259884, 
0.01018613576889038, -0.00801938772201538, -0.0021853005011530004, -1.9142421001513737e-09, -0.0008317229213362844, 2.301538229914193e-06, -6.161932006914794e-05, -7.115045019539341e-11, 1731706692.7560582, 
-0.1530168652534485, 0.3955395221710205, -0.04227753025609369, -0.00010846759376878619, -0.0048822379702906605, 0.02221677731172302, 9.58738072033605e-05, -8.071648412844592e-07, 1731706693.0265377, 
0.14080071449279785, -0.13605272769927979, 0.0076124767518157485, 0.0015466618688688872, 0.005957948008959284, 0.25959640240953585, 0.0017183467554413774, -2.4604271299508243e-05, 1731706693.2053707, 
-0.117251455783844, 0.08893042802810669, -0.023927512250694595, 0.009922295429581889, 0.01983753101597629, 0.5001779415790655, 0.0066073883698871735, 9.409673792821563e-05, 1731706693.2984593, 
-0.30940699577331543, -0.20249998569488525, -0.10150215620164763, -0.0017131287918361363, -0.0027176283148286177, 0.6303764140550514, 0.00617418869746954, 0.00020906983179095592, 1731706693.4150631, 
-0.13588452339172363, 0.10908716917037964, -0.10642296045703767, 0.018200781028839912, 0.02489381459625997, 0.7311366829081464, 0.015414564323572862, 0.0011996703315745295, 1731706693.4749677, 
0.38265717029571533, 0.30848604440689087, 0.03138011516404515, 0.07609475713130692, 0.09101727737306639, 0.8360473893259379, 0.03115594915773848, 0.004819049809451826, 1731706693.624885, 
0.4309232234954834, 0.8382864594459534, 0.15375413406019645, 0.23444211479535615, 0.24087843363626343, 0.9732798044899844, 0.06812022777758975, 0.016624094108766807, 1731706693.7154675, 
-0.552699625492096, -0.4911842942237854, -0.05437864962795899, 0.07768712513667227, 0.07177732704080741, 1.0823351654277258, 0.05672549516511822, 0.017447935203548884, 1731706693.8045697, 
-0.1212993860244751, -0.30500566959381104, -0.08028169910763878, -0.0012310704184773404, -0.0012020751438498595, 1.0241210167066748, 0.05096494621396548, 0.01595659955817679, 1731706693.8943737, 
0.6961631178855896, 0.8686314225196838, 0.14981486909773173, 0.200118751597764, 0.1947172680176083, 1.0277401364303613, 0.0777578945354811, 0.03423636497245821, 1731706694.0143194, 
-0.04610931873321533, 0.03354233503341675, 0.09255585252318556, 0.18252259924286288, 0.16419038769961936, 1.1116521606415941, 0.08441238426128218, 0.04475947889109796, 1731706694.1041222, 
-0.22292912006378174, 0.45184606313705444, 0.014806585551442472, 0.2510207646627644, 0.21586747394951955, 1.1628466302499347, 0.10005612986676009, 0.06487407506580695, 1731706694.1948736, 
0.08086168766021729, -0.12098288536071777, 0.021920548646241378, 0.14906596119127358, 0.13787090340334224, 1.0811995679405981, 0.10207956267375687, 0.0734666478812673, 1731706694.3141038, 
-0.5844988822937012, -0.4021523594856262, -0.15213558195598786, 0.0317525908219404, 0.030487465250377058, 1.0414965810103776, 0.10119686089101787, 0.0736885153564856, 1731706694.403745, 
0.2445915937423706, -0.05267202854156494, -0.044422917590855066, 0.04125413836682636, 0.03977183137314798, 1.0372702725145104, 0.10201453452086073, 0.0784940426695095, 1731706694.5235803, 
-0.21089589595794678, 0.6307840943336487, -0.07148551353358057, 0.17043617769012376, 0.16688896557326383, 1.021254923024271, 0.11033746089229426, 0.10358167583091525, 1731706694.6134527, 
-0.12981724739074707, 0.29155635833740234, -0.08306562352242328, 0.19236961449698634, 0.1895455231033873, 1.0148992777426806, 0.1126645481445553, 0.12532759338285865, 1731706694.7056522, 
-0.05795025825500488, 0.3967970013618469, -0.07100758595364459, 0.22868735863578585, 0.22384592474287093, 1.021628420970702, 0.11260226407858728, 0.15106156630149642, 1731706694.823168, 
-0.47903263568878174, -0.3698885440826416, -0.19356843258653983, 0.09877623845930687, 0.09901830857052073, 0.9975552994723046, 0.11004271949333067, 0.1561111059397698, 1731706694.9148648, 
0.26808857917785645, -0.2318781018257141, -0.07438872409436686, 0.05961780784183025, 0.059831682066286695, 0.9964254017759439, 0.10741358850629965, 0.15984129300346858, 1731706695.0029352, 
0.38815850019454956, 0.38690781593322754, 0.060728175511090304, 0.15624415453915494, 0.1565550016013785, 0.9980144546067264, 0.10205348863469023, 0.18005915335484715, 1731706695.0928118, 
-0.006424546241760254, 0.6513762474060059, 0.05574737737332562, 0.2652636710656074, 0.26315967470084634, 1.007995132108112, 0.09067323710040327, 0.21084335236553897, 1731706695.2116678, 
0.14138758182525635, 0.6791148781776428, 0.0874840400396162, 0.34788478010116386, 0.3410864861125145, 1.0199312909348357, 0.07257683730333253, 0.24415945372141235, 1731706695.3025537, 
0.5308331847190857, 0.22457200288772583, 0.2006542731116146, 0.32211169850159094, 0.32079809598584247, 1.0040947952378323, 0.05504981501330663, 0.2648104561895577, 1731706695.422392, 
-0.3124016523361206, 0.6609387993812561, 0.06953975858512276, 0.3837727832525433, 0.372912534659044, 1.0291227770164093, 0.029296472344206143, 0.29531724123374603, 1731706695.5122325, 
-0.21534425020217896, 0.054502665996551514, -0.01632223768744892, 0.29830161871061506, 0.2952933397337939, 1.0101874257629146, 0.0097007187310788, 0.31073519864110627, 1731706695.6026318, 
-0.5793794393539429, 0.16940641403198242, -0.16898097763625, 0.26319607119436556, 0.2602068002340635, 1.0114880585657757, -0.01194743192128557, 0.3267339078019518, 1731706695.7220242, 
-0.12812399864196777, 0.03118830919265747, -0.16164566569488623, 0.21597105375383469, 0.21671915267724468, 0.9965480719439499, -0.030945353058581836, 0.337022167342559, 1731706695.8119576, 
-0.36158448457717896, 0.37515348196029663, -0.20822052008924652, 0.24815848648892982, 0.24926437254167397, 0.9955634010529955, -0.058319181051621975, 0.3515837368290296, 1731706695.9016857, 
-0.09679406881332397, 0.6850394010543823, -0.1656314021441781, 0.331433714981802, 0.3333459417275412, 0.9942635367455527, -0.0971707715498375, 0.3677959487467466, 1731706695.9921825, 
-0.31102651357650757, 0.21285921335220337, -0.20605562307009115, 0.2939343343265036, 0.3008164033494038, 0.9771220287648126, -0.12796890893086382, 0.37531290524448735, 1731706696.1148493, 
0.0790371298789978, 0.292158305644989, -0.12823376016382915, 0.2870503265052361, 0.30244629214118307, 0.9490952078567387, -0.16034234015803678, 0.38037067054537965, 1731706696.211366, 
-0.014195144176483154, 0.7424062490463257, -0.08625990474856723, 0.36637841326923876, 0.3842507840998095, 0.9534877440199878, -0.20583318829295807, 0.3847559729436132, 1731706696.3012707, 
-0.04124802350997925, -0.2399999499320984, -0.08816952723000636, 0.23768812683349855, 0.26840359219570215, 0.8855623909094037, -0.22671660760890489, 0.3823266697483453, 1731706696.3910754, 
0.06017875671386719, 0.5325831174850464, -0.04016039434692082, 0.2922722503996335, 0.33090544650883225, 0.8832500446372449, -0.26500943002122923, 0.3790878721963956, 1731706696.5109355, 
0.15071088075637817, 0.4052857756614685, 0.013741330196944138, 0.3121113786298234, 0.35592640966269945, 0.8768986233013779, -0.30147623937017226, 0.37162219686502374, 1731706696.6011908, 
-0.2684926390647888, -0.18963199853897095, -0.07180006962201681, 0.22386504693048612, 0.2693800092767794, 0.8310380845687472, -0.3227391583674946, 0.36436694088192373, 1731706696.7230844, 
0.07167798280715942, 0.2886725664138794, -0.03015980521266494, 0.2444230601792398, 0.2929194134931033, 0.8344378997092136, -0.3521987559515745, 0.3530584668614857, 1731706696.8104913, 
-0.3535044193267822, -0.32401883602142334, -0.12734070093801542, 0.149147667396829, 0.1959392945133045, 0.7611932449144432, -0.366079093909242, 0.34617551463946367, 1731706696.9003875, 
-0.17644643783569336, 1.1254652738571167, -0.11748003803916543, 0.29144211736886466, 0.36868266093153224, 0.7904958606745766, -0.41458363928817266, 0.3230778088922822, 1731706697.0202074, 
0.22999626398086548, 0.4367116689682007, -0.021491114436995043, 0.3067020571120022, 0.3930300451744056, 0.7803527004555194, -0.44900411459999484, 0.29963171598054694, 1731706697.110052, 
0.127061665058136, 0.6839402914047241, 0.024679700573706984, 0.35719136164973386, 0.4479438265509139, 0.7974021305306124, -0.4873489819028606, 0.26933959744150676, 1731706697.202798, 
0.4451330304145813, 0.8035613894462585, 0.14316023885069987, 0.4183075399373885, 0.5123145315579789, 0.8165053188424901, -0.5260940839697389, 0.2323636669071556, 1731706697.3197799, 
-0.10290849208831787, -0.05110877752304077, 0.06433858307168307, 0.3089738197716913, 0.41459721911638947, 0.7452385243446444, -0.5472547396632229, 0.2073184398669315, 1731706697.4109797, 
-0.016243278980255127, 0.6629895567893982, 0.04786423745559654, 0.34863967030615944, 0.4600496691897763, 0.757830498868028, -0.5780102044981189, 0.1688853186941653, 1731706697.4995399, 
-0.1047370433807373, 0.4832557439804077, 0.007129211509529672, 0.34642790642660515, 0.4612439943065116, 0.7510729910911156, -0.6038272253937582, 0.13022984434437423, 1731706697.6194172, 
-0.5048032402992249, 1.0767903327941895, -0.11857953656507197, 0.4346853861624222, 0.5368134525268748, 0.8097512909117348, -0.6356600752450221, 0.07610313235480602, 1731706697.7093177, 
-0.3855028748512268, -0.3827666640281677, -0.20873934810772776, 0.2533597719917628, 0.3664962106929074, 0.6913025690299884, -0.6463479420453545, 0.05097798909849575, 1731706697.7991633, 
0.07433092594146729, -0.0033838748931884766, -0.13678237086061187, 0.21325862248640146, 0.3249039098684728, 0.656374441824146, -0.6573163603447219, 0.021385014373010183, 1731706697.9211378, 
0.013348042964935303, 0.20977163314819336, -0.09484855429484926, 0.2115276419542181, 0.3317592197469264, 0.6375938613418981, -0.6688058141897869, -0.012762915345840068, 1731706698.0089962, 
0.06906867027282715, 0.6677460670471191, -0.04205392483082441, 0.2679848387297402, 0.40122604760590797, 0.6679148582919525, -0.6809815748934998, -0.058339800353650065, 1731706698.0988038, 
-0.39590680599212646, 0.39584463834762573, -0.13471055305023089, 0.26877348187010974, 0.40318130232682636, 0.6666318113438626, -0.6895619289228682, -0.10144013680713453, 1731706698.2186017, 
-0.48797380924224854, -0.05692768096923828, -0.23513778129242285, 0.20532547278469096, 0.33056536913266454, 0.6211342504613315, -0.693389557598125, -0.13295670381558217, 1731706698.308472, 
0.15748965740203857, 0.6693843603134155, -0.12101315599476625, 0.2513910543628982, 0.39585618153963087, 0.6350565333731699, -0.696982599263655, -0.18106712554566107, 1731706698.3984191, 
0.303821861743927, -0.009373843669891357, -0.011727396920522923, 0.21455548692116827, 0.36137791472898156, 0.5937149952344929, -0.695958035991603, -0.21372439916167157, 1731706698.518231, 
0.2421315312385559, 0.7463574409484863, 0.06475931285271551, 0.2748906598010556, 0.4399637748298523, 0.6248029395314747, -0.6932209303329572, -0.263938923793346, 1731706698.6110992, 
0.02221691608428955, 0.2606136202812195, 0.05120153078054923, 0.2574666787037048, 0.4274259519211995, 0.602365573607406, -0.6879313886413924, -0.30437205678804496, 1731706698.6980424, 
0.3401772975921631, 0.1258087158203125, 0.1248823066411481, 0.2362527582771701, 0.41153590820899943, 0.5740756846840899, -0.680420002400393, -0.3402701381391992, 1731706698.8191288, 
-0.43863946199417114, 0.11386317014694214, -0.02880667939151102, 0.2081655169224462, 0.3828628341621753, 0.5437078200028949, -0.6724134610128119, -0.3768302998831321, 1731706698.9077766, 
-0.21271294355392456, 0.18721932172775269, -0.07838306016122255, 0.19926890755983456, 0.3714054988303976, 0.5365265409030219, -0.6616910449339811, -0.4133359565435397, 1731706698.9977636, 
-0.2652813196182251, 0.9450652003288269, -0.11730477375064954, 0.26413944776572584, 0.451605495256096, 0.5848897999257912, -0.6437416876304958, -0.4671115930342745, 1731706699.1178098, 
0.06151282787322998, 0.42790424823760986, -0.06845578279294477, 0.26522354901308903, 0.45419678942748193, 0.5839397265388094, -0.6249441966022277, -0.5100540287502696, 1731706699.1775656, 
-0.14916837215423584, 0.4915871024131775, -0.0881814874069006, 0.26918296106313244, 0.4610991210990585, 0.5837854568482327, -0.6032462237590929, -0.5540866434971583, 1731706699.2988136, 
0.2145107388496399, -0.07897180318832397, -0.014230858639192809, 0.21062665302628547, 0.4033637000526768, 0.5221755279386294, -0.5856962925009748, -0.5835364154478794, 1731706699.4174833, 
-0.31898754835128784, 0.26465946435928345, -0.09571980128330589, 0.20223124979746204, 0.393347624264403, 0.5141285654785724, -0.5640325918100424, -0.6185067477315259, 1731706699.507539, 
-0.14435654878616333, 0.22800856828689575, -0.1078702640426361, 0.19860512577929706, 0.38999975467634895, 0.5092442325870551, -0.5403389251427249, -0.6522386070866417, 1731706699.5974278, 
-0.5478940010070801, 0.35161787271499634, -0.2234687841798308, 0.19599110255515903, 0.3841507859701848, 0.5101931577731317, -0.5140147003586583, -0.6871745022800428, 1731706699.7156963, 
-0.42805129289627075, 0.33688950538635254, -0.2757025722610311, 0.19261659726000746, 0.377350960045013, 0.5104441691019703, -0.48586156823101806, -0.7204670252637377, 1731706699.8068593, 
0.4153422713279724, 0.39498764276504517, -0.08722206157729856, 0.20437850139937958, 0.40270515130873447, 0.5075139981079917, -0.45515510837544165, -0.751763971366902, 1731706699.8963857, 
-0.36226654052734375, 0.004499256610870361, -0.16319523831273058, 0.17471281879420725, 0.36578221984010045, 0.4776416384333332, -0.4286076455701376, -0.77735920260551, 1731706700.0188894, 
0.4971069097518921, 0.45984041690826416, 0.01800454978387242, 0.1993440329573652, 0.40924726559458346, 0.4870992422337729, -0.39473104649532537, -0.8058170578373336, 1731706700.1064289, 
0.041798949241638184, 0.37244468927383423, 0.0256584033975824, 0.21212336457425005, 0.4225189502020965, 0.5020446171060223, -0.360453650447677, -0.8318183335726155, 1731706700.1962714, 
-0.1735655665397644, -0.4930994510650635, -0.03814566345155534, 0.13831101413476812, 0.3297363790367236, 0.4194593709642334, -0.3408468507590152, -0.8455269341704125, 1731706700.2859235, 
-0.06180596351623535, 0.7960351705551147, -0.0351104433916254, 0.18928017152520987, 0.4057460740927813, 0.46649908307412846, -0.29881052613776726, -0.8734041691869698, 1731706700.4057105, 
-0.056965529918670654, -0.5347809195518494, -0.05042987278861174, 0.12554203056379767, 0.32073262284545423, 0.3914227042139408, -0.27836663140061335, -0.8850416107427066, 1731706700.4992728, 
-0.014987826347351074, -0.08685451745986938, -0.04130481506673442, 0.11652962525929676, 0.3143887960353618, 0.3706545103668063, -0.2504475859219082, -0.9004010695712626, 1731706700.5954459, 
0.16355156898498535, 0.416373074054718, 0.01873793506046273, 0.14618460185795423, 0.3618551431612345, 0.40398652505214677, -0.21358248895844317, -0.9183026548716393, 1731706700.7142775, 
-0.40861403942108154, -0.11561077833175659, -0.09740372168790787, 0.12641879021885305, 0.33531640448983285, 0.3770134372375635, -0.18291559707939997, -0.9326281077432371, 1731706700.8051267, 
-0.6582179069519043, 0.43335026502609253, -0.24204139340270875, 0.1448208155728756, 0.3555730556845721, 0.4072884974201919, -0.14130085533003023, -0.9502188810646568, 1731706700.8970613, 
-0.29905444383621216, -0.509967029094696, -0.26297908900454886, 0.09629290489779835, 0.28073103830283824, 0.34300768978000395, -0.11771832669870737, -0.9589246664473436, 1731706701.0148766, 
-0.578501284122467, 0.4258556365966797, -0.3405594489966835, 0.11579821189483913, 0.30472567782679405, 0.3800080541970565, -0.07761740622057545, -0.972487479026958, 1731706701.1071115, 
-0.05682504177093506, 0.09866291284561157, -0.26147424812941256, 0.11674580273307796, 0.30783582678435395, 0.3792469640476937, -0.0422624097504797, -0.9823796448372704, 1731706701.2245278, 
-0.22027766704559326, 0.24159735441207886, -0.24575779857308344, 0.12483650325018222, 0.3248889848645478, 0.3842435695449289, -0.002833953214590068, -0.9923009213491973, 1731706701.3153121, 
-0.3497350215911865, 0.2215280532836914, -0.26934705158572414, 0.12792193148029085, 0.3350907860634315, 0.3817530555915544, 0.03804583867965254, -1.0011869332119367, 1731706701.4043636, 
-0.16433507204055786, 0.2570393681526184, -0.23713240371785377, 0.1349190525923825, 0.348141361944731, 0.38754100299579314, 0.07949695435259407, -1.0080851058612286, 1731706701.4941883, 
-0.23775696754455566, -0.013943731784820557, -0.23675799535917857, 0.11843258932399292, 0.33002053568583656, 0.3588643024224861, 0.11573365810431493, -1.0129975097003316, 1731706701.6141167, 
0.15798240900039673, -0.04681885242462158, -0.13039567996037188, 0.11316126888276784, 0.3254893908988763, 0.347664999372975, 0.14964468186061794, -1.015669017807625, 1731706701.704051, 
0.17969220876693726, 0.41297978162765503, -0.04208880344659398, 0.13714781584654678, 0.36923982235240704, 0.3714328941358097, 0.19250069742750617, -1.0177882862470713, 1731706701.795296, 
-0.3847137689590454, -0.3840433955192566, -0.13780482008060418, 0.10198721675613802, 0.3195499681263898, 0.31915890135779823, 0.22245520556017156, -1.0189274016683296, 1731706701.9136226, 
0.32103025913238525, 0.3089999556541443, -0.010918043168164943, 0.11683510525683331, 0.35669032900009945, 0.3275533306001149, 0.2621833880484569, -1.0182714945650049, 1731706702.0035217, 
-0.2790289521217346, -0.52277672290802, -0.08729221925839716, 0.08210643546445426, 0.30718135650802514, 0.2672897743464103, 0.28956037054586603, -1.0178400556764355, 1731706702.0934186, 
-0.2015799880027771, 0.6606554985046387, -0.11071532838005878, 0.1166482989794903, 0.35786892239220014, 0.32595258118460385, 0.33487701724179225, -1.014625890766028, 1731706702.213196, 
-0.05781996250152588, 0.1671563982963562, -0.09466336714796642, 0.12158378109989311, 0.3654229890645689, 0.33272066820735713, 0.37438498989221936, -1.0104199275182726, 1731706702.3032186, 
0.38845574855804443, 0.8277779817581177, 0.04233646489213114, 0.17014612226054743, 0.43948209546136385, 0.3871514312361912, 0.4253736591937674, -1.002614154189094, 1731706702.3929622, 
-0.02867799997329712, -0.10182422399520874, 0.019525406330333527, 0.1387571713505484, 0.40825530068270294, 0.33987843175217175, 0.46139047828508517, -0.9962571863051148, 1731706702.5154212, 
-0.16611117124557495, 0.34897470474243164, -0.028345678301799425, 0.14836626839515002, 0.42035107891775786, 0.3529579816403375, 0.5053118454109072, -0.9868006820161672, 1731706702.6027102, 
-0.0956120491027832, -0.08475524187088013, -0.04900013063682171, 0.12309015606549566, 0.3926445204844825, 0.3134900645337294, 0.5414769525905662, -0.9780885444328657, 1731706702.6916683, 
0.26873183250427246, 0.26925528049468994, 0.03754935198248463, 0.13537723123437428, 0.41088719260799, 0.3294754221349799, 0.5812840999119835, -0.966113062945174, 1731706702.8224003, 
0.0062871575355529785, 0.18098264932632446, 0.02918922712888017, 0.13960883325521437, 0.4134792250594278, 0.33764413008936284, 0.6201959466239246, -0.9532342723831498, 1731706702.9151206, 
1.2977244853973389, -0.3633232116699219, 0.3626828519814884, 0.11287517352437809, 0.4037772061299939, 0.2795481562870553, 0.6449735311000144, -0.9430775479599511, 1731706703.002178, 
-1.3024156093597412, 0.4464666247367859, -0.0817791505975281, 0.1250016674542194, 0.39724174968945825, 0.3146740430781478, 0.6879421218442556, -0.927573424844353, 1731706703.0929997, 
-0.7862393856048584, 0.15892726182937622, -0.2696447867678867, 0.11889211989249514, 0.3728399322239063, 0.3188824737289549, 0.7273802188686891, -0.9114872921620282, 1731706703.211905, 
0.044967830181121826, -0.15353095531463623, -0.18618259968234682, 0.1014876723382227, 0.3498937471799674, 0.29005283219886363, 0.7597421566658126, -0.8966362833363982, 1731706703.301754, 
0.14162194728851318, 0.4684180021286011, -0.09337662222122821, 0.12755736801368492, 0.38640727850476286, 0.3301111938348559, 0.799538023610174, -0.8761928534366262, 1731706703.3943627, 
0.13807284832000732, -0.020725905895233154, -0.03227155189523847, 0.11821159635583856, 0.37719122974704244, 0.313399641967061, 0.8316558905585543, -0.8585934564067076, 1731706703.5115921, 
0.19412100315093994, 0.6959583163261414, 0.03398142768617524, 0.155147513917621, 0.4311151382150007, 0.3598748922619545, 0.873624961546178, -0.8334796721175386, 1731706703.6031191, 
-0.352844774723053, -0.00554347038269043, -0.07187113042771817, 0.13404906209514575, 0.40200911846094856, 0.333447814836487, 0.9070154202627341, -0.8127602434372442, 1731706703.7012463, 
-0.10039621591567993, -0.36715418100357056, -0.08411398560874853, 0.09901391757604945, 0.3537790932348005, 0.279874982635943, 0.9330331529806879, -0.7955841670021578, 1731706703.821084, 
-0.3946835994720459, 0.3134612441062927, -0.16365755247772235, 0.1125669699216965, 0.36713496266714063, 0.3066092346638047, 0.9684292175477015, -0.7704844039961596, 1731706703.9109728, 
0.5957048535346985, 0.21373075246810913, 0.04159176084178581, 0.12250753858960413, 0.3927539474515937, 0.3119193056734407, 0.9992928257153287, -0.7458876191594372, 1731706704.003556, 
0.08474284410476685, 0.49161410331726074, 0.056090409607902056, 0.1465389274375293, 0.4240811326617022, 0.34554455775429715, 1.0338188840401998, -0.7169258830692529, 1731706704.1206868, 
0.5020063519477844, -0.4410080313682556, 0.1688111051077401, 0.109703633817382, 0.38537413519191244, 0.28466786895999313, 1.0545468643065292, -0.6981896962289049, 1731706704.2113905, 
-0.3481801748275757, -0.052918970584869385, 0.029106338417001942, 0.10538599416361158, 0.37396997415220623, 0.281803357081067, 1.081730458956404, -0.6734804320665767, 1731706704.3004732, 
0.03393125534057617, -0.14802223443984985, 0.028909252173398348, 0.09619445747063049, 0.364036585402422, 0.26424392857188495, 1.1064322050773974, -0.6494868904301941, 1731706704.4202948, 
-0.1631355881690979, 0.28619253635406494, -0.020055066698192833, 0.11034958057193031, 0.38229804090230496, 0.28864804096689, 1.1354943187028854, -0.6194962615792805, 1731706704.510236, 
0.5681902170181274, -0.22100567817687988, 0.1347533811267549, 0.09732860567456048, 0.375711571369039, 0.2590513923217989, 1.1565538769992916, -0.5958675668646322, 1731706704.6000724, 
0.23168164491653442, -0.4249742031097412, 0.15702783901857792, 0.07851920313184253, 0.3599432727441845, 0.21814327166949712, 1.1764439120155483, -0.5735443480882803, 1731706704.7227998, 
0.2056870460510254, 0.3600313067436218, 0.17220117954650216, 0.10633200069754725, 0.3955213260829627, 0.2688401198251534, 1.201285079359124, -0.5424505765811675, 1731706704.8097503, 
-0.17785173654556274, -0.24251139163970947, 0.07547517003932508, 0.09301707274726746, 0.37450252327364286, 0.24837502277468343, 1.2224315785202826, -0.5161112777839537, 1731706704.898674, 
0.49878114461898804, 0.30689817667007446, 0.19072794946662597, 0.11679874328540987, 0.4124605602853813, 0.2831755433891591, 1.245855125549707, -0.4832190540807257, 1731706705.019451, 
0.02426743507385254, -0.4509592056274414, 0.1408343835513064, 0.0840663142295121, 0.37895953663473336, 0.2218345393179559, 1.2640348696512893, -0.45871873257929563, 1731706705.109348, 
0.5082635879516602, 0.6707474589347839, 0.24255762789815188, 0.1276164063826333, 0.43377954401556623, 0.2941964602601311, 1.2870365693082293, -0.42176626446472054, 1731706705.2012153, 
-0.060330748558044434, -0.7514897584915161, 0.15249062955640996, 0.07712613091815793, 0.3683363646206701, 0.20939048740839367, 1.3010687210097778, -0.40109248575143897, 1731706705.3190508, 
0.6970129609107971, -0.11560118198394775, 0.2971010967122771, 0.08606329261875258, 0.39020500198924535, 0.22055917320384483, 1.3173257913095218, -0.3725566030338996, 1731706705.4106677, 
-0.18150824308395386, -0.25405627489089966, 0.16605072233610602, 0.07987598355688942, 0.3781191121752373, 0.21124555989085078, 1.334280860159535, -0.3436538211069311, 1731706705.4988387, 
0.20123285055160522, 0.34644806385040283, 0.17695215933342298, 0.10682548154385317, 0.4083119578918188, 0.26162711985074, 1.3527301256958049, -0.30782893359266983, 1731706705.5887902, 
0.17325329780578613, -0.17114055156707764, 0.1732662769452737, 0.09626119652867632, 0.4017133267868832, 0.2396265946629766, 1.3687027160789893, -0.27669235494560795, 1731706705.708616, 
0.8278255462646484, 0.402645468711853, 0.3496195140784396, 0.12689399262061674, 0.4493965461416599, 0.28236530456248077, 1.3849516178849175, -0.239397091966876, 1731706705.82836, 
0.0411643385887146, 0.3183770775794983, 0.26596439105772296, 0.14357269481404986, 0.464041657543024, 0.3093961339036429, 1.4015388794344241, -0.2000706166166926, 1731706705.9187694, 
0.2017689347267151, 0.4158685803413391, 0.2479088857165926, 0.16525938417350755, 0.4798500671015277, 0.344397959912219, 1.4167840335448731, -0.15883631967070277, 1731706705.9988987, 
-0.5864721536636353, 0.059192001819610596, 0.02074586720358812, 0.14104936125139272, 0.44408815355309517, 0.31761568085722164, 1.4314933869524138, -0.11986459329318558, 1731706706.1182604, 
0.4413304328918457, 0.030158638954162598, 0.13075699706248062, 0.13253446650699505, 0.4365765776716169, 0.3035766765451272, 1.4426001037872715, -0.08357879365868433, 1731706706.2111564, 
-0.23377764225006104, -0.2596892714500427, 0.02855830762817836, 0.10463684837370497, 0.3973971910581988, 0.26330545541873474, 1.4530052104291253, -0.05020878948721525, 1731706706.2980075, 
0.1866815686225891, 0.24931979179382324, 0.0718924049085003, 0.11323197231725667, 0.41410867944448354, 0.27343539978238207, 1.4634567599541326, -0.01011870193476665, 1731706706.4192681, 
0.21768301725387573, 0.2282642126083374, 0.11091057209245056, 0.12225412780333968, 0.42548584867415173, 0.28732830524045255, 1.4723359767141488, 0.02968534256366469, 1731706706.5079489, 
-0.3296245336532593, 0.9201911091804504, -0.002086932609070502, 0.17179451980224655, 0.46504900935548993, 0.3694116455388994, 1.482021286007873, 0.08168609710402787, 1731706706.5979564, 
0.37662166357040405, 0.18355464935302734, 0.0974020778479464, 0.16207353970124447, 0.46025439594406864, 0.35213903686634224, 1.4881092852279316, 0.12304987403751386, 1731706706.717865, 
-0.25072360038757324, 0.7136132717132568, 0.0076864831674420125, 0.19408359463835825, 0.4890759727799121, 0.39683731248375465, 1.4943843875718892, 0.17625952271959533, 1731706706.8070707, 
0.2597472071647644, -0.09784048795700073, 0.06933508774659214, 0.15386984639879733, 0.44683010697719616, 0.3443587260485338, 1.497104702992358, 0.2127636657755727, 1731706706.8992794, 
0.11830675601959229, 0.27360522747039795, 0.08201139216437721, 0.15881403934160415, 0.45116434077511075, 0.35200929015967436, 1.4987807205321937, 0.25616850980237055, 1731706707.0168607, 
0.15583288669586182, -0.1974225640296936, 0.09666846563002499, 0.123024270358052, 0.4176974019992185, 0.29452965177476054, 1.4997395795216, 0.2913393653030539, 1731706707.1077194, 
-0.16040098667144775, 0.5222901105880737, 0.030503234492360407, 0.14859239292749532, 0.44160070869722023, 0.3364858570219742, 1.498804361308861, 0.33838361829099717, 1731706707.1965892, 
0.03675621747970581, -0.3355581760406494, 0.026306161242329238, 0.11151855375204099, 0.39359044833421075, 0.28333653477623744, 1.4975344514113356, 0.37086876691698983, 1731706707.3164508, 
-0.6157368421554565, 0.5490953922271729, -0.14168839277602668, 0.13568033638164997, 0.40914357467708184, 0.3316203523145541, 1.4941901989085309, 0.41878177860778837, 1731706707.4063752, 
-0.1665859818458557, 0.668881893157959, -0.14330805776852104, 0.16215230078588114, 0.4386706844521135, 0.36964471648796066, 1.488488814651265, 0.46973640030237157, 1731706707.4961395, 
-0.35820722579956055, -0.2632518410682678, -0.20552393512756703, 0.11904997270142333, 0.3766203616608732, 0.316100733843545, 1.4839501890686297, 0.5045488128706007, 1731706707.6194105, 
0.6173739433288574, 0.528128981590271, 0.01945134517136554, 0.143568181818792, 0.4240323016025195, 0.3385784084755183, 1.4752127834093802, 0.5495780357938708, 1731706707.7058315, 
0.09953910112380981, -0.0648965835571289, 0.03822231770869639, 0.12561242741072468, 0.4052926014980446, 0.30993022558624406, 1.4675345958944457, 0.5857696970024742, 1731706707.7957428, 
-0.09895080327987671, 0.3528367280960083, 0.003172444120169593, 0.14118390014407609, 0.419009868686242, 0.33694647953458046, 1.4567942837248713, 0.6283134751394968, 1731706707.9155927, 
-0.02536839246749878, -0.4706536531448364, -0.010716344854928717, 0.10137408403532136, 0.3636574961529796, 0.278762530974135, 1.4491073305994784, 0.6567266989813159, 1731706708.0055294, 
-0.27879655361175537, -0.22736090421676636, -0.08375493810552682, 0.08533924221310868, 0.3433785387414623, 0.24852817687992607, 1.4397515718446865, 0.6902210767084015, 1731706708.0953894, 
-0.21887308359146118, -0.2702450752258301, -0.12069279008439411, 0.07340807986891347, 0.32434920430593356, 0.22632421752350992, 1.4298569188093573, 0.7221150145584521, 1731706708.2151945, 
-0.24623912572860718, 0.4944170117378235, -0.14906521368616402, 0.09772519150014546, 0.3544796639975182, 0.27568631271561367, 1.4151789539431545, 0.7629552634567789, 1731706708.3075557, 
-0.32156646251678467, -0.41048794984817505, -0.19760338130165667, 0.07412537431845269, 0.3134748957464425, 0.23646351055304213, 1.4045292737923394, 0.7922903325243742, 1731706708.4248972, 
-0.24132674932479858, 0.5674743056297302, -0.20269605632821844, 0.10098981499665288, 0.3513400091504341, 0.2874418294712682, 1.3870774603384843, 0.8342909604389008, 1731706708.5156205, 
0.46773356199264526, -0.8737542033195496, -0.029277184068611323, 0.06409572956572648, 0.29893322801897454, 0.21441487114191957, 1.3783354640519632, 0.8536767566615984, 1731706708.6037161, 
0.040199100971221924, 0.2843239903450012, -0.00644928590737346, 0.08480042658447894, 0.33593402879015233, 0.25243178516294684, 1.3616352599035326, 0.8886111007738383, 1731706708.6945102, 
0.5681140422821045, 0.28634870052337646, 0.15048969316303323, 0.10361487933642068, 0.3818368904992998, 0.27135900672386887, 1.3434982637988093, 0.9234119083044154, 1731706708.7877939, 
-0.6019625067710876, 0.4350854158401489, -0.048045267787200974, 0.12338705267538207, 0.39845256921302513, 0.30966559688416895, 1.3218720805210962, 0.9637523529783132, 1731706708.9146452, 
0.19539010524749756, 0.09634923934936523, 0.0170566191539228, 0.12680115679566403, 0.4007071682103544, 0.31644344512723754, 1.3016069449084462, 0.9971710278673315, 1731706709.0041487, 
-0.1838768720626831, 0.22992020845413208, -0.03580984025378619, 0.12972406277933562, 0.40428965872571104, 0.32086910950978953, 1.2789906880536204, 1.033178525470931, 1731706709.0939713, 
0.03500962257385254, -0.06269651651382446, -0.018656534551194492, 0.11631926920213714, 0.3870681920958807, 0.30051363448982055, 1.258462293520958, 1.063430454921706, 1731706709.2138834, 
0.15165454149246216, 0.12418925762176514, 0.027408350255456255, 0.117938054718584, 0.3949781634361504, 0.29859386071516103, 1.23529603971962, 1.095352476376497, 1731706709.3036845, 
-0.19478309154510498, -0.47055554389953613, -0.0365450781604371, 0.08487467499572354, 0.35155825984041716, 0.24142420955846894, 1.2171118675796107, 1.1205145869684532, 1731706709.4235888, 
-0.0791311264038086, -0.19601720571517944, -0.048269805727005365, 0.07889790894261077, 0.3439126788598579, 0.2294126206808477, 1.1957023361498165, 1.1478957660182065, 1731706709.5134177, 
0.14364057779312134, -0.17853432893753052, 0.0030435349420080554, 0.07953816639001239, 0.34464805572499735, 0.2307808358956121, 1.1739030241093389, 1.1737597759224834, 1731706709.603706, 
-0.03726398944854736, 0.19410955905914307, -0.005108927059345181, 0.09407346961222332, 0.3670794543712626, 0.25627549701291047, 1.1474324381602252, 1.2038419575763855, 1731706709.6931741, 
-0.2094871997833252, 0.10408282279968262, -0.058798392208489224, 0.09872229101203449, 0.36909361594788825, 0.2674722258701243, 1.1208366760923725, 1.2327351455465478, 1731706709.8130286, 
0.22734159231185913, 0.24581271409988403, 0.019723210533357204, 0.11107716067571695, 0.38953675580450187, 0.28515193757855195, 1.092300882235988, 1.2613438351771984, 1731706709.902977, 
-0.4275931119918823, -0.13347923755645752, -0.1015616132800386, 0.09627600372169008, 0.3635939353669409, 0.2647899053226172, 1.066299983868996, 1.287282024424143, 1731706709.9927778, 
-0.5610097646713257, 0.25824064016342163, -0.22183767617879788, 0.10267206589322124, 0.3630868349527992, 0.28277551265820056, 1.0347380605540508, 1.3168132100588368, 1731706710.1157944, 
0.20675760507583618, 0.4136675000190735, -0.1031100622164791, 0.12153753863062203, 0.3903220989251862, 0.3113775493760023, 1.001120666603457, 1.3451956115988346, 1731706710.212489, 
0.11536610126495361, -0.1563262939453125, -0.0465769653733654, 0.10602500940506865, 0.3697873977781451, 0.28671882828380924, 0.9742079604325837, 1.3668665934664026, 1731706710.3032072, 
-0.09500384330749512, 0.37418365478515625, -0.05642498705872505, 0.12260056475695223, 0.39125984191634283, 0.3133481937641994, 0.9394276184134807, 1.3932596123982819, 1731706710.3922436, 
0.6037707328796387, 0.05969923734664917, 0.11986619769809366, 0.12202147460547226, 0.4029596957596852, 0.3028130998943446, 0.9090217486974395, 1.414184931362999, 1731706710.4835434, 
0.02501744031906128, -0.03209209442138672, 0.09270829272146786, 0.11466236601562521, 0.396215966550101, 0.28939360272127324, 0.8784838062121303, 1.4346621666828607, 1731706710.611957, 
0.4353014826774597, 0.41924983263015747, 0.1865352408991074, 0.13772689359794418, 0.4349288800500547, 0.31666532142472026, 0.8415703333380449, 1.4569723850789933, 1731706710.711793, 
-0.043430328369140625, -0.3732808232307434, 0.11892107005135252, 0.10025463837016399, 0.3929065385514676, 0.2551615423346574, 0.8146492510396921, 1.4734612451283542, 1731706710.8038683, 
0.24948066473007202, 0.556713879108429, 0.1559625342881596, 0.133312364840031, 0.426397506703709, 0.3126480871584125, 0.7768069567836755, 1.4929497683711002, 1731706710.9214888, 
-0.06693154573440552, -0.23647284507751465, 0.09182177933306022, 0.10772117971428734, 0.395309445748454, 0.272498370258608, 0.7468391810106801, 1.508657469253393, 1731706711.012095, 
0.44189876317977905, 0.49432533979415894, 0.1881882458939119, 0.1381611269803273, 0.438628814118806, 0.314984156382634, 0.7067689966962597, 1.5266343027839524, 1731706711.1012774, 
0.015188872814178467, -0.4658048152923584, 0.1349332364608597, 0.09693285585665605, 0.3906160956260175, 0.24815376770715872, 0.6796095903628674, 1.5391926391587931, 1731706711.221097, 
0.544931173324585, 0.2541499733924866, 0.2449419276180949, 0.11307132286422764, 0.4189415839943903, 0.2698975875971808, 0.6438282849738048, 1.5529530545807229, 1731706711.3110511, 
0.44753170013427734, -0.6365378499031067, 0.2916064367438229, 0.07583450635470045, 0.3830377144850793, 0.19798182655889482, 0.6198383510889934, 1.562544778764038, 1731706711.4008474, 
0.4472103714942932, 0.5109569430351257, 0.3349775498513066, 0.11385811957717674, 0.4311101855524291, 0.26410445262683313, 0.5812092114699426, 1.574947546873599, 1731706711.5239892, 
0.16981637477874756, -0.025530695915222168, 0.28765591049813705, 0.11283307344678807, 0.4310561517883878, 0.26175957118036813, 0.5464985515472764, 1.5859822306827045, 1731706711.6108043, 
0.30370044708251953, 0.33191031217575073, 0.2914583119314225, 0.1340846895377313, 0.4550852804644685, 0.29463640177700756, 0.5065883980765452, 1.5968287069445146, 1731706711.7005603, 
-0.24348044395446777, 0.4422123432159424, 0.14850794923929225, 0.15107124394686458, 0.4687500997121187, 0.32228525186372114, 0.4613573468070077, 1.608435755446565, 1731706711.8203254, 
