x, y, theta, stamp, 
1.0228795872535557e-05, -1.1957060451095458e-05, 0.00011755403910891449, 1729888277562043824, 
1.0228795872535557e-05, -1.1957060451095458e-05, 0.0001175540022127536, 1729888277603995606, 
1.0208043931925204e-05, -1.1932807865377981e-05, 0.00011731553531367399, 1729888277654398570, 
7.90457306720782e-06, -9.240777217200957e-06, 9.085105512777248e-05, 1729888277703864203, 
0.003281583311036229, -5.903641431359574e-05, 0.0041709214677333505, 1729888277764498509, 
0.008658908307552338, -7.716021355008706e-05, 0.008429874368717508, 1729888277813580686, 
0.016322938725352287, 0.00017427302373107523, 0.013670313232365467, 1729888277863957959, 
0.025065787136554718, 0.00036560234730131924, 0.021401979304000448, 1729888277911978910, 
0.03593311458826065, 0.0006561062182299793, 0.030143119845474766, 1729888277962057618, 
0.046752266585826874, 0.001075103646144271, 0.03781109815920905, 1729888278003981781, 
0.061839789152145386, 0.001809519249945879, 0.048928161695991554, 1729888278054056995, 
0.07795533537864685, 0.002462823409587145, 0.06242980059134608, 1729888278104957294, 
0.09733953326940536, 0.0037948302924633026, 0.07605857811820656, 1729888278164572184, 
0.11256462335586548, 0.005058480426669121, 0.08825787544190544, 1729888278213768608, 
0.14191925525665283, 0.008019299246370792, 0.11775944587487557, 1729888278312963936, 
0.17003610730171204, 0.011580239981412888, 0.1419706081337799, 1729888278404934924, 
0.20051223039627075, 0.01612948253750801, 0.17125120979977881, 1729888278506031540, 
0.2331763058900833, 0.02282014861702919, 0.24107892850184176, 1729888278615496114, 
0.2624198794364929, 0.030734958127141, 0.3049621798035368, 1729888278713986586, 
0.2886677384376526, 0.03910251334309578, 0.33809489231934986, 1729888278803988464, 
0.31745660305023193, 0.04962527006864548, 0.37749534870645113, 1729888278904054864, 
0.3460620045661926, 0.06117319315671921, 0.4172312173763294, 1729888279004402448, 
0.37653133273124695, 0.07545322179794312, 0.4808050784766298, 1729888279114168631, 
0.40044352412223816, 0.0886201411485672, 0.5353258708585433, 1729888279204047183, 
0.4268307387828827, 0.10477069020271301, 0.5816914078823366, 1729888279304245154, 
0.45180368423461914, 0.12155280262231827, 0.6098083984698743, 1729888279404531196, 
0.47965118288993835, 0.14130648970603943, 0.656187867331127, 1729888279513997108, 
0.5014618039131165, 0.15836337208747864, 0.6941587387368547, 1729888279603958896, 
0.5247390866279602, 0.17781490087509155, 0.7338966708572606, 1729888279703961912, 
0.547015368938446, 0.1981239765882492, 0.7673594908206385, 1729888279804825693, 
0.5709971785545349, 0.22193017601966858, 0.7954364674227262, 1729888279913977179, 
0.5902485251426697, 0.2418895810842514, 0.8139344188707649, 1729888280003968556, 
0.6108613610267639, 0.2643508315086365, 0.8409628901133762, 1729888280103991222, 
0.6332798004150391, 0.2897029519081116, 0.8740952550713925, 1729888280213763750, 
0.6526187658309937, 0.3134848475456238, 0.8946486322078917, 1729888280313996522, 
0.6698436141014099, 0.33522406220436096, 0.9090043011039816, 1729888280403999020, 
0.6880446672439575, 0.35908234119415283, 0.9264150581730773, 1729888280504261264, 
0.7079216837882996, 0.3861330449581146, 0.9514445595517401, 1729888280614069123, 
0.725452721118927, 0.4111109673976898, 0.9731275171638297, 1729888280714000614, 
0.7409020662307739, 0.4341789186000824, 0.9842836291883262, 1729888280803956281, 
0.7577162384986877, 0.4600270986557007, 0.9966034212822558, 1729888280903969931, 
0.7740740180015564, 0.48611459136009216, 1.013875695940451, 1729888281004352832, 
0.7915862798690796, 0.5146048665046692, 1.0321810750170075, 1729888281114000793, 
0.8054889440536499, 0.5383961200714111, 1.0434124031408, 1729888281204977897, 
0.8207010626792908, 0.5648409128189087, 1.0517098129873452, 1729888281304053305, 
0.8369313478469849, 0.5938931107521057, 1.061562713491097, 1729888281413628935, 
0.8515739440917969, 0.6206830739974976, 1.075578255729863, 1729888281513977809, 
0.8645575642585754, 0.6451216340065002, 1.0851057318337116, 1729888281605987575, 
0.8778898119926453, 0.6713888645172119, 1.0939488028836002, 1729888281699977552, 
0.8917028903961182, 0.6984412670135498, 1.1035374104332576, 1729888281800280486, 
0.9066920876502991, 0.7280936241149902, 1.1084312764626776, 1729888281910015943, 
0.9200406074523926, 0.7545770406723022, 1.1122962728464816, 1729888282008050463, 
0.9322577714920044, 0.7798974514007568, 1.1205799912473184, 1729888282099982976, 
0.9453887343406677, 0.8071567416191101, 1.1261973806011267, 1729888282200492286, 
0.9597305655479431, 0.8376091122627258, 1.1324098752610883, 1729888282308593412, 
0.9727886319160461, 0.8654595017433167, 1.1377023919948053, 1729888282409391013, 
0.9842032790184021, 0.8905894160270691, 1.1417334013060991, 1729888282499022609, 
0.9994504451751709, 0.923782229423523, 1.147052588813171, 1729888282618654729, 
1.0110341310501099, 0.9500085711479187, 1.1512144384327787, 1729888282713752075, 
1.0221494436264038, 0.9749943614006042, 1.1544548149059948, 1729888282803835678, 
1.0346436500549316, 1.003235936164856, 1.1581002923931893, 1729888282904126590, 
1.048031210899353, 1.0337773561477661, 1.1641700459721738, 1729888283014357936, 
1.05984365940094, 1.0618218183517456, 1.1683860219738944, 1729888283114461969, 
1.0701708793640137, 1.0870496034622192, 1.1699371986171518, 1729888283203989047, 
1.0822569131851196, 1.115285038948059, 1.1720685606295567, 1729888283303990046, 
1.0949825048446655, 1.1457442045211792, 1.1750551990523885, 1729888283414383907, 
1.1067655086517334, 1.1735910177230835, 1.1779142777424005, 1729888283514022826, 
1.1172432899475098, 1.1989405155181885, 1.1815407937532005, 1729888283604022565, 
1.1288245916366577, 1.2272541522979736, 1.1855553207158458, 1729888283704011904, 
1.1413623094558716, 1.2585097551345825, 1.1864879613839086, 1729888283813849793, 
1.1523829698562622, 1.2864176034927368, 1.1891840026434986, 1729888283915012701, 
1.1626142263412476, 1.3120983839035034, 1.1924586044772354, 1729888284004016249, 
1.1739451885223389, 1.3405064344406128, 1.1952625362791094, 1729888284103997954, 
1.1862950325012207, 1.3715803623199463, 1.198184118712274, 1729888284214247470, 
1.1967211961746216, 1.3984545469284058, 1.20151916484753, 1729888284311034603, 
1.2068607807159424, 1.425280213356018, 1.2040591767907547, 1729888284404025279, 
1.2177540063858032, 1.4540610313415527, 1.206345308152817, 1729888284504005238, 
1.2297694683074951, 1.4856512546539307, 1.2070968132157, 1729888284613936044, 
1.2400306463241577, 1.5132360458374023, 1.2084892210472358, 1729888284712036785, 
1.2501013278961182, 1.5396225452423096, 1.2100612482949387, 1729888284804003795, 
1.2609483003616333, 1.5678985118865967, 1.2122197200060894, 1729888284904075028, 
1.2725282907485962, 1.5990056991577148, 1.2133369209170646, 1729888285014466440, 
1.2829911708831787, 1.6272050142288208, 1.215845031256916, 1729888285113036278, 
1.2929267883300781, 1.6535593271255493, 1.2184261163722645, 1729888285204036760, 
1.3033634424209595, 1.682613492012024, 1.219010364480171, 1729888285306102491, 
1.314824104309082, 1.7139568328857422, 1.219485369179742, 1729888285415092971, 
1.3249846696853638, 1.7416763305664062, 1.2199934114403657, 1729888285513024317, 
1.33458411693573, 1.7683197259902954, 1.2203147132532204, 1729888285606065307, 
1.3452808856964111, 1.7971919775009155, 1.2221910188575287, 1729888285706115546, 
1.3554027080535889, 1.825603723526001, 1.223964613320003, 1729888285804528271, 
1.3666456937789917, 1.8570915460586548, 1.227093916685068, 1729888285914047229, 
1.3757882118225098, 1.883285641670227, 1.2277829803488998, 1729888286004046309, 
1.3863458633422852, 1.9121191501617432, 1.227761121821937, 1729888286104106465, 
1.39645516872406, 1.9409818649291992, 1.2286228170466482, 1729888286204210907, 
1.4076608419418335, 1.9724076986312866, 1.229786752475279, 1729888286314027075, 
1.4168758392333984, 1.9982116222381592, 1.2322639730911165, 1729888286404018876, 
1.426624059677124, 2.025819778442383, 1.2330027696252246, 1729888286504084365, 
1.4360655546188354, 2.0531835556030273, 1.2339961190911255, 1729888286615371342, 
1.4436615705490112, 2.074897527694702, 1.2343981302073919, 1729888286714053414, 
1.4496595859527588, 2.0925002098083496, 1.2343981302073919, 1729888286804052849, 
1.4556832313537598, 2.109683036804199, 1.2381753031793739, 1729888286904023186, 
1.4605404138565063, 2.1238999366760254, 1.237780926174897, 1729888287003684802, 
1.4651875495910645, 2.1370928287506104, 1.2413749520070303, 1729888287114052395, 
1.468231439590454, 2.145866632461548, 1.2397014573300296, 1729888287204011606, 
1.470961093902588, 2.153949499130249, 1.2435921640201273, 1729888287304023658, 
1.473522663116455, 2.1614420413970947, 1.2468469730354588, 1729888287405128937, 
1.4760944843292236, 2.1690263748168945, 1.2464930351615848, 1729888287514061833, 
1.4779530763626099, 2.1744840145111084, 1.2483182064717486, 1729888287604026953, 
1.479750633239746, 2.1801702976226807, 1.251646624510933, 1729888287704030066, 
1.4817891120910645, 2.186378240585327, 1.2559101842603464, 1729888287813753914, 
1.483704686164856, 2.1918089389801025, 1.2630750963670425, 1729888287914032310, 
1.485269546508789, 2.1966538429260254, 1.2666308436509648, 1729888288005211956, 
1.486687183380127, 2.2018418312072754, 1.2689495480033288, 1729888288105533434, 
1.488420009613037, 2.2070276737213135, 1.2735481711958632, 1729888288213711679, 
1.4897515773773193, 2.2119696140289307, 1.276605159608881, 1729888288314067631, 
1.490836262702942, 2.2151384353637695, 1.2788001864462417, 1729888288406051340, 
1.4919559955596924, 2.2188708782196045, 1.2823757677650376, 1729888288504083866, 
1.4927793741226196, 2.2219536304473877, 1.2851506458445074, 1729888288604770897, 
1.4937862157821655, 2.2251384258270264, 1.2886256462819579, 1729888288714297602, 
1.4947155714035034, 2.228144407272339, 1.292132288428763, 1729888288804039278, 
1.4956624507904053, 2.2314646244049072, 1.2962445953192878, 1729888288904072876, 
1.496572732925415, 2.2345633506774902, 1.3007184284498852, 1729888289004648021, 
1.497617483139038, 2.2386276721954346, 1.3085647397808446, 1729888289114187874, 
1.4984724521636963, 2.24183988571167, 1.3132299373338499, 1729888289205324249, 
