e, e_dot, e_int, stamp, 
3.522211598559075, 1.6433127842200673e-05, 0.7044416623867014, 1732919169663047692, 
3.5222089579864284, 7.631219019662202e-06, 0.7044418150110817, 1732919169764099578, 
3.522310144044499, 0.0003284849514129107, 0.7044487133726669, 1732919169873415788, 
3.522344267370605, 0.0004510312805890611, 0.7044575579601021, 1732919169952733925, 
3.5222693851133755, -0.00013586310374513744, 0.7044615864352319, 1732919170063214526, 
3.5224512749086494, 0.0003566917934808937, 0.7044709951595087, 1732919170164318417, 
3.520705234262427, -0.005213836169827661, 0.7043617262856301, 1732919170273055323, 
3.512761360179272, -0.032299715764591376, 0.7037278579566899, 1732919170353061967, 
3.4964877861206474, -0.08072482713926614, 0.7019969587041563, 1732919170463070309, 
3.4723476541248477, -0.13471235351474764, 0.6987731200283178, 1732919170512944414, 
3.443154094396142, -0.17777897241501842, 0.6941326356427758, 1732919170611346942, 
3.4131495917291725, -0.19732687465225052, 0.6885767560166776, 1732919170703450995, 
3.3805462976042255, -0.20869265597305434, 0.6824566655819693, 1732919170812999336, 
3.345926004289651, -0.22407862479840576, 0.6759747929082032, 1732919170914104111, 
3.3146475313608854, -0.2196625541444671, 0.6694079888836507, 1732919171074258894, 
3.286165673491316, -0.19920110266111588, 0.6631159472761236, 1732919171172483678, 
3.2583923239931174, -0.18751735789256005, 0.657280368589688, 1732919171264115789, 
3.227313608790197, -0.1961735490037301, 0.6514581070849754, 1732919171362025910, 
3.1941705340717736, -0.21407263307114585, 0.6453250977903392, 1732919171454151812, 
3.167408423336081, -0.19968395151372054, 0.6392595044132034, 1732919171554735330, 
3.1395354347407687, -0.18211699777001655, 0.6334076261432415, 1732919171663951721, 
3.109871517007244, -0.19178968776278893, 0.6277876916722729, 1732919171762949868, 
3.0765967669597782, -0.20979555926996815, 0.621733581247186, 1732919171852655367, 
3.0406948586987093, -0.23058886102844975, 0.6151442095110488, 1732919171953082967, 
3.009868433374003, -0.22242777861925114, 0.6084773372688327, 1732919172063934632, 
2.982551034709671, -0.19381274663012724, 0.6022076217854923, 1732919172112961024, 
2.952428328541319, -0.19146701610894676, 0.5963231864416662, 1732919172254125675, 
2.9227057293119327, -0.19948435132579453, 0.5905123395041948, 1732919172303783520, 
2.8989226334292297, -0.1783523170402971, 0.5849371127521654, 1732919172464340623, 
2.8989226334292297, -0.07927698627567666, 0.5813700664113595, 1732919172464340623, 
2.849786117356967, -0.16378838690754183, 0.576508758947695, 1732919172612702647, 
2.818390298375567, -0.2684411168455429, 0.5711399366107842, 1732919172672922246, 
2.7915538919565077, -0.19410741800153156, 0.5639820205126027, 1732919172812571260, 
2.7748995263542753, -0.14496924007097198, 0.5589895811124233, 1732919172912869032, 
2.7562427000361764, -0.11770397306777092, 0.5548464078897973, 1732919173052899029, 
2.7562427000361764, -0.062189421060329465, 0.552492328428442, 1732919173052899029, 
2.70351073430396, -0.17577321910738833, 0.5477330756250876, 1732919173262562065, 
2.679405195354299, -0.25612501560625817, 0.5426105753129623, 1732919173362697957, 
2.656224665523321, -0.15762022926879707, 0.5359427063454385, 1732919173452596433, 
2.6291613403910223, -0.16747951654425552, 0.5309860800845762, 1732919173574003744, 
2.599030069170101, -0.1906486545107322, 0.525627738338963, 1732919173663194147, 
2.5656792427520885, -0.21160699212977954, 0.5195913768208807, 1732919173763045582, 
2.529255150133965, -0.23258306345378768, 0.512930964137077, 1732919173854779099, 
2.494272590782062, -0.23802217323342165, 0.505947132244541, 1732919173973275246, 
2.4651234426028954, -0.21377235843689815, 0.4992434122345948, 1732919174063122100, 
2.4413340573762294, -0.17646177801944182, 0.4933820060507457, 1732919174162984419, 
2.4189207042222143, -0.15400912793560373, 0.48835854694675596, 1732919174254976832, 
2.391089822880933, -0.16748078165098748, 0.48342297229862513, 1732919174374484726, 
2.3758000337091243, -0.14373556837696663, 0.47905403738748475, 1732919174463000672, 
2.397055861531945, 0.019886795503372134, 0.4775963812081335, 1732919174563075981, 
2.4228877247655536, 0.15695897018809765, 0.47971624133377483, 1732919174652687896, 
2.427614899459079, 0.10186345975711368, 0.4831705657171051, 1732919174773646991, 
2.423762080315857, 0.0029145185010115426, 0.4849509803026993, 1732919174863037715, 
2.4222527321492318, -0.017873891032823924, 0.48490864746161116, 1732919174962991263, 
2.426942709665582, 0.010602097832415799, 0.48486383480871137, 1732919175072560682, 
2.431571685025647, 0.03106317625471681, 0.4853844751226974, 1732919175173301228, 
2.4223507361297947, -0.015306578452623695, 0.48539100872140156, 1732919175263173740, 
2.4005963513970316, -0.10325111209538385, 0.4836345848368316, 1732919175362968378, 
2.3738167167577546, -0.16178006457346683, 0.47978425361897203, 1732919175452999878, 
2.3500991670838927, -0.1683239477104633, 0.47496748234924524, 1732919175575380467, 
2.325865200719837, -0.15983838679305862, 0.4699854056374323, 1732919175664028471, 
2.298825915020134, -0.17091084021252959, 0.4649860188549242, 1732919175763621771, 
2.2714379656427197, -0.18142411692372443, 0.45974193875884606, 1732919175853975926, 
2.2438317667193353, -0.18331382766932838, 0.45427304315881256, 1732919175952804388, 
2.2217561612731007, -0.16560601456539667, 0.44913505957567706, 1732919176063024382, 
2.2035695706067924, -0.13420732037514296, 0.44461049990661516, 1732919176163990984, 
2.1823917462564757, -0.1312147167220834, 0.4405144985424246, 1732919176253860674, 
2.1598648329241805, -0.1456824589420395, 0.4363884099858299, 1732919176369522223, 
2.138583160671176, -0.1460286186176655, 0.43205598265678885, 1732919176463027542, 
2.117604089059536, -0.14086914621548244, 0.42773680551032617, 1732919176564118108, 
2.0951992397557375, -0.1446130697181284, 0.42342576596576326, 1732919176652850504, 
2.0695831876099384, -0.1600696714986579, 0.41882576776168073, 1732919176770335499, 
2.047496828094456, -0.1590080388709388, 0.41415195036400876, 1732919176863040797, 
2.027266727997548, -0.14105486537463463, 0.4096231162467961, 1732919176965004084, 
2.003757781887733, -0.1457968206890762, 0.40523475586531577, 1732919177053100058, 
1.9803326348924566, -0.1564469770169715, 0.4007571429851825, 1732919177153665481, 
1.961536323836027, -0.14073819350568653, 0.39637511604108105, 1732919177264271229, 
1.9416131634582545, -0.12906490478067356, 0.39223214147911584, 1732919177360030823, 
1.9213822511475018, -0.13384690896175075, 0.38830211589611885, 1732919177472881335, 
1.9048945908053994, -0.12239524217618387, 0.3845260003607437, 1732919177554199666, 
1.8890972565577566, -0.10761664863248403, 0.3810249399007105, 1732919177664034361, 
1.8736557689393485, -0.10412940622016957, 0.37784317442016696, 1732919177762052157, 
1.8620983862978693, -0.08999623419962448, 0.374990094119665, 1732919177854030818, 
1.849419380887772, -0.08078796017192191, 0.3723449024083327, 1732919177971582196, 
1.8267593838430174, -0.11779667484950629, 0.36921847673524394, 1732919178065095418, 
1.8002912083708749, -0.1637605750563235, 0.3650979982067776, 1732919178162024238, 
1.7770875039316145, -0.16557293303800957, 0.36027587307636716, 1732919178255338632, 
1.745889646134317, -0.18133854078852632, 0.3548845572291204, 1732919178356039992, 
1.7052337101214488, -0.2395126460338859, 0.34854739067915863, 1732919178464219615, 
1.659284450116805, -0.28868398672504014, 0.3406938537581714, 1732919178563292009, 
1.6136432378728418, -0.30530157416202314, 0.3318774265407397, 1732919178654282312, 
1.5798468287325294, -0.2647920712809186, 0.3235183011148117, 1732919178774249481, 
1.553207005091771, -0.201454109270236, 0.3164464714464761, 1732919178863628967, 
1.527816449027898, -0.1734345990154377, 0.3107246855234799, 1732919178964249099, 
1.4988182873076168, -0.1812957259471807, 0.30532278276181907, 1732919179074455952, 
1.4648123772659312, -0.2100135725398896, 0.2994298075734297, 1732919179153824961, 
1.4374146586291596, -0.2046787622615239, 0.29340302154684716, 1732919179264382019, 
1.4147029099162818, -0.1670315578321646, 0.28779532972075816, 1732919179363526247, 
1.3812446594757328, -0.18723333051142266, 0.282224148534745, 1732919179454038383, 
1.3439093172876149, -0.23597864209555638, 0.2759904591119753, 1732919179573810759, 
1.3156752996162502, -0.21856453286494215, 0.26938861842530654, 1732919179665425895, 
1.2906361627089191, -0.17757718192898583, 0.2633480519741856, 1732919179763626620, 
1.259762362165742, -0.186376458168361, 0.25773825496606073, 1732919179853536793, 
1.2265225570590923, -0.21371201883275606, 0.25179473879558356, 1732919179973936304, 
1.1951715155571643, -0.21530282202859205, 0.24543042898546658, 1732919180064315136, 
1.1725105881507227, -0.18003989636123188, 0.23961364405113195, 1732919180164390424, 
1.1528635353252359, -0.14102660077309462, 0.23470304260220817, 1732919180254440744, 
1.129408110171854, -0.14367492659622894, 0.2303188155765208, 1732919180374176645, 
1.104262895752329, -0.16200213190968946, 0.22576896941662794, 1732919180463323683, 
1.077531700642712, -0.17292136509713987, 0.2207468471044597, 1732919180564063343, 
1.0596593415840343, -0.14867851389431586, 0.21609692919860501, 1732919180654628458, 
1.0384220944800844, -0.1303653538754257, 0.21170754244712203, 1732919180774649424, 
1.0063133403848248, -0.17782000399736506, 0.2069596517632629, 1732919180864118443, 
0.9747432415823336, -0.21226284299250256, 0.20129857842981616, 1732919180964074755, 
0.9462486414524818, -0.20021566310781003, 0.19515368156130936, 1732919181054647525, 
0.9215192054142587, -0.17741345389358307, 0.18950073922993826, 1732919181174464065, 
0.8971055388087356, -0.16381034214582071, 0.18432489237836508, 1732919181264222145, 
0.874139554256662, -0.15793217052532227, 0.17951761989864373, 1732919181360076488, 
0.8561975580115497, -0.13635993599061944, 0.17516284340512983, 1732919181470351380, 
0.8404594185028994, -0.11226711917920869, 0.17138643538474074, 1732919181569899293, 
0.8246081728777559, -0.10529795044597945, 0.16808434329281366, 1732919181668231839, 
0.8094957203198847, -0.10321232727671566, 0.16497088744670266, 1732919181759147529, 
0.7941782556016727, -0.10143305758694414, 0.16188547658662086, 1732919181857764789, 
0.7787429478130193, -0.10250924168955122, 0.15882779491563845, 1732919181949458082, 
0.7638374662450921, -0.10113596452193525, 0.15578391131065228, 1732919182069089031, 
0.7497555054964014, -0.09662480772205995, 0.15282239463696753, 1732919182159309691, 
0.7349468772923582, -0.09630196317577962, 0.14990265660225677, 1732919182259276776, 
0.7201155383184713, -0.09879989059310017, 0.1469878614071487, 1732919182369084232, 
0.7048782767905067, -0.10022866833950483, 0.1439960461600891, 1732919182469091201, 
0.6894955639221628, -0.10206658132102826, 0.14096595860207606, 1732919182559097893, 
0.675046899935812, -0.09943792284898241, 0.13796138270989877, 1732919182659197966, 
0.6618501002832556, -0.09215154546302395, 0.13509283760941537, 1732919182755407477, 
0.6484343796004562, -0.08870840111785257, 0.1323554253213016, 1732919182864301447, 
0.6356107334233152, -0.08746455619980147, 0.1297263475538018, 1732919182964110707, 
0.6239469012774479, -0.08162492774336116, 0.1271994676200813, 1732919183073705408, 
0.6113934762716573, -0.08072419050552633, 0.12473007406482803, 1732919183169704290, 
0.5983557012798191, -0.08530399999209608, 0.12224640525526162, 1732919183264260778, 
0.5865589692877085, -0.08278168994649615, 0.11975387645594565, 1732919183364099297, 
0.5753818752032218, -0.0765794202553242, 0.11735310305138329, 1732919183454137131, 
0.5613656486732022, -0.08397773538168767, 0.11488709954427549, 1732919183570581999, 
0.5461905839809461, -0.09730430407425235, 0.11219587385715801, 1732919183664112817, 
0.5306483235516679, -0.10239108373844748, 0.10921363708038774, 1732919183765110194, 
0.5146752768208608, -0.10505102386695109, 0.10610094562356498, 1732919183854219688, 
0.49752317594670975, -0.11041715868319386, 0.1028564517546159, 1732919183970907112, 
0.4840558616700938, -0.10206471716922332, 0.09975028762917762, 1732919184064175207, 
0.4772407323390033, -0.06760814535902142, 0.09725465133038712, 1732919184161120347, 
0.4726806223330422, -0.037917464456838634, 0.09559848108947595, 1732919184253517646, 
0.4649613915854539, -0.04093113584516472, 0.09432551641716662, 1732919184372458528, 
0.455003443966482, -0.058923927888533956, 0.0928430305256652, 1732919184464167773, 
0.44498189985449277, -0.06659830576987047, 0.09099644902709524, 1732919184562239502, 
0.4348556189885629, -0.06715941659306372, 0.08898939752063584, 1732919184654208225, 
0.4241971539425063, -0.06928248637328827, 0.08693564485237079, 1732919184754769677, 
0.4136468929724374, -0.070695753387085, 0.08484664439356711, 1732919184865125260, 
0.40617651778618585, -0.060068787187734785, 0.08293470431340863, 1732919184963116133, 
0.3972430510156289, -0.05467947318936165, 0.08113776411828348, 1732919185055119141, 
0.38454543384180756, -0.07210361314792764, 0.07919766684290816, 1732919185156243859, 
0.3736944813969447, -0.0784952320622806, 0.07703219775029208, 1732919185264339383, 
0.3664641870511873, -0.060270822635400956, 0.07498027348599597, 1732919185363668069, 
0.36184861685470426, -0.03948621514080153, 0.07346715235352243, 1732919185474000639, 
0.35689694002680894, -0.03189082341459445, 0.07234731626218002, 1732919185553629261, 
0.3502786115468178, -0.03856668435962163, 0.07126827789522207, 1732919185664877733, 
0.34467532094240183, -0.04073873028135703, 0.07012339150106857, 1732919185764485398, 
0.3391785087221884, -0.03700034274876455, 0.06894216274742719, 1732919185853735081, 
0.3316678730381194, -0.04335815968094144, 0.0677014468468473, 1732919185954001857, 
0.32047558871082493, -0.062343066704544925, 0.06608813136474219, 1732919186064945367, 
0.3112522829955587, -0.06805196680853572, 0.06422638298296686, 1732919186164372315, 
0.3052245031834734, -0.0508369517578385, 0.0624634916593238, 1732919186254012876, 
0.2989934288659861, -0.040862847098575204, 0.06103134766966788, 1732919186374180165, 
0.292575168362139, -0.042164449404448, 0.059786206694106565, 1732919186465253131, 
0.28512088504866084, -0.046241812724417596, 0.05844596548511906, 1732919186564436859, 
0.27717186323298254, -0.05134435043052147, 0.056991194442918815, 1732919186654035767, 
0.2702615537628665, -0.04953110428598121, 0.055503620136300655, 1732919186774307231, 
0.26593984429067746, -0.03744006314101692, 0.054224884085768435, 1732919186864167316, 
0.2612305787018746, -0.03010325020330625, 0.05316213178369457, 1732919186964133527, 
0.25768272758908073, -0.02752372233865578, 0.05232354337210885, 1732919187054487278, 
0.2518711646647145, -0.03119804679053373, 0.051385631397044655, 1732919187154365804, 
0.2428259903176532, -0.049522457571425094, 0.05015865883809656, 1732919187264210758, 
0.23431192354611463, -0.05853080372866618, 0.04860060523523215, 1732919187364170034, 
0.22812341596372349, -0.04900858117976572, 0.04701742198849942, 1732919187473611745, 
0.22324001659944065, -0.03690635648891327, 0.04571169040728525, 1732919187574434895, 
0.21704788713732165, -0.03691842942133946, 0.04456075464669905, 1732919187664166032, 
0.21049389282671038, -0.04248707924243422, 0.04338545310423151, 1732919187764166035, 
0.20520004890224322, -0.0394927941169281, 0.04218278859108502, 1732919187854759351, 
0.20020969793304885, -0.03428064964553843, 0.04106024264413349, 1732919187974159721, 
0.19487099816304143, -0.03443016913067263, 0.04001871633322223, 1732919188064371761, 
0.188942318757664, -0.03755793058461613, 0.03893486765691695, 1732919188164167031, 
0.18420569673337037, -0.035551004765570215, 0.03786793424360505, 1732919188253609471, 
0.18058264307905597, -0.027865585595360138, 0.03691537723800602, 1732919188349948743, 
0.1773752530403897, -0.022768145643268883, 0.03614423952352107, 1732919188468254721, 
0.17374846677339628, -0.0227805876855323, 0.0354470908595228, 1732919188559161700, 
0.1694877345774227, -0.026291728209890026, 0.03470743029274725, 1732919188658657894, 
0.16518818042402228, -0.028534287831246674, 0.03389495878498942, 1732919188774647607, 
0.16059524369997805, -0.029641636258148824, 0.033018077246761535, 1732919188864317011, 
0.15644202082342298, -0.029153865335330986, 0.032148362996494886, 1732919188964219479, 
0.1534900285011268, -0.023684050662837464, 0.03136848620163519, 1732919189053687047, 
0.15098130753220176, -0.018202377637404066, 0.030727557123783434, 1732919189154317890, 
0.14755609946462944, -0.019779763454991217, 0.03013516236653053, 1732919189264310929, 
0.14395436250583352, -0.023423150087894157, 0.029499451300177643, 1732919189364189017, 
0.14074825151302006, -0.0226928265053646, 0.028817247565565533, 1732919189454427917, 
0.1375429611018208, -0.021371338013375745, 0.028149705008044954, 1732919189554188567, 
0.1351145274788911, -0.018779080113763186, 0.027560382672915464, 1732919189664333351, 
0.1314924123840087, -0.020168495726040347, 0.026943326730981373, 1732919189764347034, 
0.1275478218072858, -0.025222352238684353, 0.026276984111345707, 1732919189853598334, 
0.12369879301690453, -0.025978731223680513, 0.025515935147213273, 1732919189953756140, 
0.11894023515526168, -0.028691955506747052, 0.024679123331963468, 1732919190064190153, 
0.11473949736844716, -0.029864318828191256, 0.02382523503604089, 1732919190165215659, 
0.1110203470118528, -0.026399627144696274, 0.022980005302370776, 1732919190255012486, 
0.10740546095011837, -0.02444678806109597, 0.02221102035536122, 1732919190353827834, 
0.10380408408226012, -0.024054209765308938, 0.021481992802948754, 1732919190464278478, 
